"","user_name","text","user_location","user_description","user_created","user_followers","user_friends","user_favourites","user_verified","date","hashtags","source"
"567","TWiT Tech Podcasts","- @StarFire2258  of The @Verge  talks about the new #Qi2 wireless charging standard
- @edward_the6  developed a tool to detect #ChatGPT-written text called GPTZero
Join @JasonHowell  here for more #TechNews: https://t.co/90s6c71712","Petaluma, CA","Tech podcasts with @leolaporte, @jasonhowell, @mikahsargent, @ant_pruitt, and friends at https://t.co/G4hHTlMn2x and ad-free extras at https://t.co/E72WzMPzNe","2009-08-10 20:39:18+00:00","80805.0","678.0","11224","True","2023-01-06 17:03:57+00:00","['Qi2']","eClincher"
"2719","Matt Aimonetti","Today I performed surgery on my horse (right hind leg). Sadly #ChatGPT wasn't useful at all, but the horse is still standing so I guess I did fine. https://t.co/0LrJkjcWLZ","Los Angeles, CA","New Stealth Project | @Splice co-founder - @XferRecords Advisor
(ex Microsoft,  PlayStation...) @mattetti@mastodon.social
 He/Him","2008-09-26 23:07:57+00:00","9983.0","1761.0","14495","True","2023-01-05 23:24:48+00:00","['ChatGPT']","Twitter for Android"
"5174","Manu Kumar (recruiting @HiHello ğŸš€)","Had two @K9Ventures founders tell me today about how they used #ChatGPT and #dalle2 to help w/some real work and it was amazing. I couldnâ€™t get excited about crypto ever, but the AI stuff is going to be truly amazing for leveling up productivity and creativity. Thatâ€™s exciting!","Palo Alto, CA","ğŸ¦® Human, Founder, Investor. Chief Firestarter at @K9Ventures. The O.G. for PreSeed. @lyft, @twilio, @playosmo, @CartaInc, @lucidchart, @auth0, @HiHello & more.","2008-04-22 13:08:40+00:00","33808.0","2394.0","29734","True","2023-01-05 06:58:47+00:00","['ChatGPT', 'dalle2']","Twitter for iPhone"
"7947","Manu Kumar (recruiting @HiHello ğŸš€)","Had two @K9Ventures founders tell me today about how they used #ChatGPT and #dalle2 to help w/some real work and it was amazing. I couldnâ€™t get excited about crypto ever, but the AI stuff is going to be truly amazing for leveling up productivity and creativity. Thatâ€™s exciting!","Palo Alto, CA","ğŸ¦® Human, Founder, Investor. Chief Firestarter at @K9Ventures. The O.G. for PreSeed. @lyft, @twilio, @playosmo, @CartaInc, @lucidchart, @auth0, @HiHello & more.","2008-04-22 13:08:40+00:00","33810.0","2394.0","29727","True","2023-01-05 06:58:47+00:00","['ChatGPT', 'dalle2']","Twitter for iPhone"
"9291","Tatiana Koffman","@cwrichardson @paulg I think the answer is #ChatGPT","Malibu, CA","Writer | Angel Investor | Newsletter @ https://t.co/mBOuuWfWlS","2013-02-25 02:20:07+00:00","12561.0","1684.0","5825","True","2023-01-04 19:18:45+00:00","['ChatGPT']","Twitter for iPhone"
"9481","Brian Solis","Where can you add *your* unique value proposition in a world where everyone starts their base work with a #ChatGPT prompt or by feeding qs, scenarios, instructions, and ideas to the same generative #AI platforms?

I promise this is your most vital resolution this year &amp; beyond.ğŸ’¡","Silicon Valley, CA","Global Innovation @Salesforce | 8x Best-Selling Author | Keynote Speaker | Digital Anthropologist | Futurist | Other Socials @BrianSolis |","2006-11-04 15:36:18+00:00","273358.0","3638.0","53666","True","2023-01-04 17:58:09+00:00","['ChatGPT']","Twitter Web App"
"9560","Brian Solis","Generative artificial intelligence is a fascinating breakthrough aimed at changing how people interact with information and how those prompts and responses impact our behavior, thinking, how we work, and our new methodologies.

1st, challenge yourself to add value to #ChatGPT.","Silicon Valley, CA","Global Innovation @Salesforce | 8x Best-Selling Author | Keynote Speaker | Digital Anthropologist | Futurist | Other Socials @BrianSolis |","2006-11-04 15:36:18+00:00","273358.0","3638.0","53666","True","2023-01-04 17:17:01+00:00","","Twitter Web App"
"9702","ZoneAlarm","Tech journalists have semi-seriously suggested that #ChatGPT might eventually replace Google as an internet-based search tool. Read more &gt;&gt; https://t.co/3OHwRs6LS1.

#cybersecurity #technology","San Carlos, CA","Since 1997, Check Point's ZoneAlarm has been trusted by nearly 100 million users worldwide to protect their PC users from all sorts of cyberattacks.","2007-08-01 20:59:28+00:00","5348.0","287.0","118","True","2023-01-04 16:19:14+00:00","['ChatGPT']","Twitter Web App"
"10057","Tatiana Koffman","I guess my work is done here ğŸ¤·ğŸ»â€â™€ï¸ #ChatGPT https://t.co/ajT4TIHkT6","Malibu, CA","Writer | Angel Investor | Newsletter @ https://t.co/mBOuuWfWlS","2013-02-25 02:20:07+00:00","12561.0","1684.0","5825","True","2023-01-04 14:16:19+00:00","['ChatGPT']","Twitter for iPhone"
"10890","Mark Fidelman","Amazing ğŸ˜† #chatgpt https://t.co/BdQ38QYv3L","Los Angeles, CA","SmartBlocks CMO, Advisor for @TetraguardI | Tweeting daily about the past, present, and future of #DeFi and #securitytokens","2009-03-09 03:23:30+00:00","80779.0","34725.0","14668","True","2023-01-04 06:44:02+00:00","['chatgpt']","Twitter Web App"
"11881","Daniel Kraft, MD","Google Introduces #ChatGPT-like ChatBot for #Healthcare

MultiMedQA consists of 6 existing open-question answering datasets along with a new one called HealthSearchQA.

Paper from Google Research &amp; @DeepMind: https://t.co/1L9t8qTFOA

via @Analyticsindiam 

https://t.co/v6gKIZV2iu","Stanford, CA","Stanford & Harvard trained MD-Scientist. Chair @XPRIZE Pandemic Alliance, @AspenInstitute Fellow. Founder https://t.co/1eE8zLy23r, ExponentialMed, & https://t.co/YGpenFfxbm","2008-11-07 22:17:58+00:00","53225.0","7873.0","23395","True","2023-01-03 20:03:17+00:00","['ChatGPT', 'Healthcare']","Twitter for Mac"
"15189","Okcoin","Thanks #chatgpt #crypto #toasterfinance ğŸ˜‚ https://t.co/70D5oei68o","San Francisco, CA","Weâ€™re a global cryptocurrency exchange with the lowest fees around. A better way to #Bitcoin â€” and more.

Need support? Chat with us here: @OkcoinHelpDesk","2014-04-15 12:45:40+00:00","175915.0","174.0","16938","True","2023-01-02 00:00:01+00:00","['chatgpt', 'crypto', 'toasterfinance']","Twitter Web App"
"17803","ğ™±ğš›ğš˜ğš˜ğš”ğšœ ğ™´ğš•ğš–ğšœ","*
Want a FREE robot AI writing assistant that can help you research, brainstorm &amp; even help you WRITE OUTLINES &amp; DIALOGUE?

For real

It's #ChatGPT 

Heard about it? 

I'll show you how to turn it into your own robot screenwriting assistant

Hit the next Tweet in the chain

(1/2) https://t.co/Rf86ceoguK","Hollywood CA - East Hampton NY","ğš†ğ™¶ğ™° ğš ğš›ğš’ğšğšğš› ğš˜ğš ğš™ğšğš›ğšœğš˜ğš—ğšŠğš• ğšŒğš‘ğšŠğš›ğšŠğšŒğšğšğš›ğšœ & ğšğšğš-ğš™ğšğš—ğšŒğš‘ ğšğšğš—ğšœğš’ğš˜ğš—ğŸ‘ŠğŸ» ğš’ğš—ğšœğš™ğš’ğš›ğšğš ğšœğšŒğš›ğšğšğš—ğš ğš›ğš’ğšğš’ğš—ğš ğšŒğš˜ğšŠğšŒğš‘","2008-10-14 18:12:12+00:00","67630.0","20517.0","10744","True","2022-12-30 21:58:42+00:00","","Twitter Web App"
"18416","PostSecret","Hey AI-
Which evidence-based New Year's Resolutions have the best chance of surviving a year and which ones are most helpful in bettering one's life?
#ChatGPT https://t.co/ahgJa8DMtj","Laguna Niguel, CA 92677","More Secrets, Stories & Surprises:  [mail to] PostSecret 
28241 Crown Valley Parkway, F-224
Laguna Niguel, CA 92677
or email image to: Frank@PostSecret.com","2009-01-21 18:34:19+00:00","412310.0","411.0","2334","True","2022-12-30 14:57:00+00:00","","Twitter Web App"
"19859","Brian Solis","Some? 

#ChatGPT is already proving to be a windfall for students and employees seeking shortcuts.

""Some US educators are worried about ChatGPT enabling cheating; an OpenAI researcher says the it is running experiments to determine how to battle misuse"" https://t.co/CReuev578F","Silicon Valley, CA","Global Innovation @Salesforce | 8x Best-Selling Author | Keynote Speaker | Digital Anthropologist | Futurist | Other Socials @BrianSolis |","2006-11-04 15:36:18+00:00","273411.0","3634.0","53613","True","2022-12-29 18:05:15+00:00","['ChatGPT']","Twitter Web App"
"21065","PostSecret","I went to #ChatGPT after striking out at Home Depot, Amazon, and Google. Just what I was looking for! Which one of the three will be most vulnerable when ChatGPT-4 is released next year. https://t.co/iaqV0kfd7m","Laguna Niguel, CA 92677","More Secrets, Stories & Surprises:  [mail to] PostSecret 
28241 Crown Valley Parkway, F-224
Laguna Niguel, CA 92677
or email image to: Frank@PostSecret.com","2009-01-21 18:34:19+00:00","412349.0","412.0","2335","True","2022-12-29 00:59:39+00:00","['ChatGPT']","Twitter Web App"
"21098","Jonathan Reichental","FREE: Would you enjoy a 1-hour basic, simple English video intro to #GPT3, the underlying tech that makes #ChatGPT work? Well, it's the holidays, so I'm making my popular course free for everyone for a few days. 

https://t.co/CSzx5zcAFr","Silicon Valley, CA","NEW BOOK: Data Governance for Dummies | Available Now: https://t.co/mEIOSBuoF8","2007-03-30 22:46:02+00:00","10786.0","4157.0","26821","True","2022-12-29 00:10:19+00:00","['GPT3', 'ChatGPT']","Twitter Web App"
"21602","SentinelOne","ğŸ¤– #SentinelLabs tested #ChatGPT to see how it can help reverse engineers and malware analysts. From finding patterns in #malware samples to understanding #vulnerabilities and exploit code, ChatGPT proved valuable. By @milenkowski and @philofishal 

https://t.co/J8witxH9bO","Mountain View, CA","ONE autonomous platform to prevent, detect, respond, and hunt. Do more, save time, secure your enterprise: https://t.co/N75g1HzPMU ğŸ±â€ğŸ’»","2013-01-11 01:46:42+00:00","22689.0","1418.0","6105","True","2022-12-28 17:48:00+00:00","['SentinelLabs', 'ChatGPT']","Sprout Social"
"22209","Asha Jadeja Motwani ğŸ‡®ğŸ‡³ğŸ‡ºğŸ‡¸","#ChatGPT is an AI designed to answer questions based on context and one's earlier conversations with the AI. It holds the power to completely alter the way we interact and function and is the hottest space for a VC to invest in.

#AI #ArtificialIntelligence #investing","San Francisco, CA","SF, Delhi, NY. Venture Capitalist. Data&EvidenceJunkie. Believer in Nature. Entrepreneurship. Wisdom of Crowd. Hindu Universalism. India+US Optimist","2009-06-04 19:39:31+00:00","48344.0","4228.0","6567","True","2022-12-28 11:02:12+00:00","['ChatGPT']","Twitter Web App"
"24542","Andy Riesmeyer","Developing a late-night talk show and have hired #ChatGPT as the head writer: https://t.co/RsnubgoO6a","Los Angeles, CA","host/sr producer @ktla, past showrunner/host @hot_wheels, @fullscreen, @machinima, @newsbreaker + more. Once an Indiana boy on them Indiana nights.","2008-06-09 15:10:18+00:00","2099.0","538.0","2179","True","2022-12-27 03:04:16+00:00","['ChatGPT']","Twitter Web App"
"24671","Steve Ward","Is every cloud storage company like @Box @Dropbox @googledrive @iCloud @onedrive and email provider like @gmail @Outlook etc racing to incorporate #ChatGPT as quickly as possible to finally offer semantic search &amp; end the painful effort we make to find our own work, history, etc?","Santa Monica, CA","ğŸ‡®ğŸ‡±, happily married w/a ğŸ‘¶ğŸ» due 6.22.23. #flyeaglesfly. CEO of https://t.co/ZnkZgTfmD3. CEO of https://t.co/b7UBbOcZzB. Hosted ğŸ‘‰ğŸ» @vh1 https://t.co/Ext7O4NP62","2008-07-10 23:39:13+00:00","82808.0","1656.0","8710","True","2022-12-27 00:24:21+00:00","","Twitter for Android"
"26347","ğŸŸ© Soulaima Gourani","What do you think? I dont believe @Google position is threatened just yet, unless #OpenAI starts to take market share of ad spend. Its a fair distance away from that #ChatGPT","Palo Alto, CA","CEO @jHappioh Software â€¢ mission to free up time for millions of people at scale â€¢ #MeetingIntelligence â€¢ @bigspeak â€¢ @Forbes â€¢ Inc.,Refinery29, Fast Company","2009-02-17 09:44:42+00:00","8461.0","4421.0","49967","True","2022-12-25 21:32:06+00:00","['OpenAI']","Twitter for iPhone"
"26818","Spencer Rascoff","New episode of Dad I Have a Question podcast: â€œwhat is Chat GPT?â€
#ChatGPT 

https://t.co/khKgI7ef0H","Los Angeles, CA","@75SunnyVentures, Co-founder @PacasoHomes @dotLA @queue @getreconfood, prof @Harvard @HarvardHBS, BoD @VaroBank, Office Hours podcast. Fmr @Zillow @Hotwire","2009-01-16 00:19:47+00:00","73684.0","913.0","7426","True","2022-12-25 12:56:39+00:00","['ChatGPT']","Twitter for iPhone"
"27610","Sandy.NFT 11-11","Loving #AI helping #web3 and #metaverse utility!

Check this out from @unstoppableweb using @ChatwithGPT 

Weâ€™re demoing a  new feature that uses #ChatGPT AI to suggest Web3 domain names based on your search

https://t.co/r5vBGwztOL

Try the demo and tell me what you think ğŸ‘‡ğŸ‘‡ https://t.co/Y9j4C3vXYh","San Francisco, CA","Agile leader. Energizer bunny. SVP Unstoppable, #AWS VP Alum + https://t.co/ColOjn0WSD 10 #AI #Cloud #CMO #Web3 #IoT influencer. Best Selling Author. TEDx.","2008-03-01 15:43:11+00:00","88754.0","78729.0","52894","True","2022-12-24 17:00:32+00:00","['AI', 'web3', 'metaverse']","Hootsuite Inc."
"28305","Mahesh Shankar","Help #ChatGPT! What do I do? https://t.co/7RpHPHAF9c","San Francisco, CA","Musician/Geek/Freak; Music: Vennela/Prayanam/Prasthanam; Songs in #TheFamilyMan2; CTO: @influxwww; Ex-CTO: Zivame; Co-founder: TenTenTen; â¤ï¸ /s & ;s","2011-01-03 11:30:37+00:00","4321.0","1639.0","2879","True","2022-12-24 06:07:15+00:00","['ChatGPT']","Twitter for iPhone"
"29303","Dana Ward","Interesting thread #ChatGPT - start at top. Below is practical takeaway. https://t.co/GlSiR2jyhQ","Los Angeles, CA","Entrepreneur | Founder Barefoot Scientist, acq by Japonesque | Founding team Clevver Media 0 to 3B+ views, acq by Hearst","2009-04-15 18:27:42+00:00","32097.0","339.0","15275","True","2022-12-23 16:18:17+00:00","['ChatGPT']","Twitter for iPhone"
"29342","SentinelOne","ğŸ‘©ğŸ¿â€ğŸ’» Automate reverse engineering tasks. We all want to work more effectively. #ChatGPT can help write scripts in #IDAPython or #java for #Ghidra. 

12/13 https://t.co/YSY707DzbD","Mountain View, CA","ONE autonomous platform to prevent, detect, respond, and hunt. Do more, save time, secure your enterprise: https://t.co/N75g1HzPMU ğŸ±â€ğŸ’»","2013-01-11 01:46:42+00:00","22373.0","1408.0","6082","True","2022-12-23 15:46:00+00:00","['ChatGPT']","Twitter Web App"
"29343","SentinelOne","Analyze code segments in malware samples. Ask #ChatGPT about the purpose of functions in pseudocode or disassembly.  

8/13","Mountain View, CA","ONE autonomous platform to prevent, detect, respond, and hunt. Do more, save time, secure your enterprise: https://t.co/N75g1HzPMU ğŸ±â€ğŸ’»","2013-01-11 01:46:42+00:00","22373.0","1408.0","6082","True","2022-12-23 15:45:58+00:00","['ChatGPT']","Twitter Web App"
"29344","SentinelOne","ğŸ—£ï¸ Translate Between Instruction Sets. Familiar with #Intel but need to learn #arm? Tell #ChatGPT to translate assembly code written in one instruction set to another. 

6/13","Mountain View, CA","ONE autonomous platform to prevent, detect, respond, and hunt. Do more, save time, secure your enterprise: https://t.co/N75g1HzPMU ğŸ±â€ğŸ’»","2013-01-11 01:46:42+00:00","22373.0","1408.0","6082","True","2022-12-23 15:45:57+00:00","['Intel', 'arm', 'ChatGPT']","Twitter Web App"
"29345","SentinelOne","ğŸ§ª Write PoC source code quickly. #ChatGPT can help us to write source code to test our theories, and it knows all your favourite languages #golang, #rust, #python, #c and more. 

5/13","Mountain View, CA","ONE autonomous platform to prevent, detect, respond, and hunt. Do more, save time, secure your enterprise: https://t.co/N75g1HzPMU ğŸ±â€ğŸ’»","2013-01-11 01:46:42+00:00","22373.0","1408.0","6082","True","2022-12-23 15:45:57+00:00","['ChatGPT']","Twitter Web App"
"29346","SentinelOne","ğŸ˜‰Understand how source code translates to #disassembly. How do changes in source code reflect when viewed through the eyes of a disassembler? You can coax #ChatGPT into disassembling code for you.  

4/13 https://t.co/1rJUpUjvSl","Mountain View, CA","ONE autonomous platform to prevent, detect, respond, and hunt. Do more, save time, secure your enterprise: https://t.co/N75g1HzPMU ğŸ±â€ğŸ’»","2013-01-11 01:46:42+00:00","22373.0","1408.0","6082","True","2022-12-23 15:45:56+00:00","['disassembly']","Twitter Web App"
"29347","SentinelOne","ğŸ‘¾ Teach yourself #assembly language. Ask #ChatGPT to convert high-level code into assembly. #arm #intel little endian big endian #nasm #masm. It knows them all. 

3/13","Mountain View, CA","ONE autonomous platform to prevent, detect, respond, and hunt. Do more, save time, secure your enterprise: https://t.co/N75g1HzPMU ğŸ±â€ğŸ’»","2013-01-11 01:46:42+00:00","22373.0","1408.0","6082","True","2022-12-23 15:45:55+00:00","['assembly', 'ChatGPT', 'arm', 'intel']","Twitter Web App"
"29348","SentinelOne","ğŸ§µ Everyoneâ€™s chatting about ğŸ¤–#ChatGPT. Here are 11 things it can do for #malware analysts, #security researchers, and #reverse engineers. A thread &gt;&gt;ğŸ‘‡ ğŸ§µ 
1/13","Mountain View, CA","ONE autonomous platform to prevent, detect, respond, and hunt. Do more, save time, secure your enterprise: https://t.co/N75g1HzPMU ğŸ±â€ğŸ’»","2013-01-11 01:46:42+00:00","22373.0","1408.0","6082","True","2022-12-23 15:45:54+00:00","['ChatGPT', 'malware', 'security']","Twitter Web App"
"29489","Sandy.NFT 11-11","Loving #AI helping #web3 and #metaverse utility!

Check this out from @unstoppableweb using @ChatwithGPT 

Weâ€™re demoing a  new feature that uses #ChatGPT AI to suggest Web3 domain names based on your search

https://t.co/IytuyfY0n1

Try the demo and tell me what you think ğŸ‘‡ğŸ‘‡ https://t.co/KyZVeR3CcV","San Francisco, CA","Agile leader. Energizer bunny. SVP Unstoppable, #AWS VP Alum + https://t.co/ColOjn0WSD 10 #AI #Cloud #CMO #Web3 #IoT influencer. Best Selling Author. TEDx.","2008-03-01 15:43:11+00:00","88753.0","78728.0","52850","True","2022-12-23 14:10:12+00:00","['AI', 'web3', 'metaverse']","Hootsuite Inc."
"30792","ramaswamy.eth","4/ #chatgpt has stirred up the hornet's nest by posing an existential threat to Google. 

There are rumors of a Code Red at Google.","Mountain View, CA","@neeva @nxyzdata Co-Founder @GreylockVC Venture Partner. Ex-@Google SVP of Ads Ex-@BellLabs. Musings on tech, AI, privacy, competition, equity...","2018-10-01 19:29:30+00:00","13502.0","553.0","2031","True","2022-12-22 20:59:06+00:00","['chatgpt']","Twitter Web App"
"30793","ramaswamy.eth","2/ OpenAI released #chatgpt. 

OpenAI was aware that this will be interpreted as a Google killer. 

They have not released any details of ChatGPT. 

Just a blog post. 

https://t.co/5xsZ1QOfOz","Mountain View, CA","@neeva @nxyzdata Co-Founder @GreylockVC Venture Partner. Ex-@Google SVP of Ads Ex-@BellLabs. Musings on tech, AI, privacy, competition, equity...","2018-10-01 19:29:30+00:00","13502.0","553.0","2031","True","2022-12-22 20:59:04+00:00","['chatgpt']","Twitter Web App"
"30794","ramaswamy.eth","openAI or ""open""AI?

1/ OpenAI's #chatgpt release will mark the beginning of the end of the golden age of open research in deep learning.

This will have significant implications for LLM research going forward. 

Here are some thoughts from me, @vivek7ue and @rajhans_samdani ğŸ§µ","Mountain View, CA","@neeva @nxyzdata Co-Founder @GreylockVC Venture Partner. Ex-@Google SVP of Ads Ex-@BellLabs. Musings on tech, AI, privacy, competition, equity...","2018-10-01 19:29:30+00:00","13502.0","553.0","2031","True","2022-12-22 20:59:04+00:00","['chatgpt']","Twitter Web App"
"32269","Anova","ChatGPT, Write a tweet about the Anova Precision Oven: ""It's revolutionizing the way people cook at home, with precise temperature control and easy sous vide cooking. Try it out and see for yourself! #Anova #sousvide #cooking #precision"" 

Accurate? 
#ChatGPT","San Francisco, CA","Cook like a pro #anovafoodnerd","2012-10-15 19:45:49+00:00","30953.0","4.0","6711","True","2022-12-22 04:13:20+00:00","","Twitter Web App"
"32335","Aragon Research","ğŸ“±Can you train #ChatGPT to be your #DigitalAssistant? 

#ChatGPT answers quick questions and it can even writes blogs and essays for you. Can it assist you? ğŸ‘©â€ğŸ’» 

CEO &amp; Lead Analyst, @JimLundy compares ChatGPT to #Siri and #GoogleAssistant: https://t.co/sCQUHZALfY https://t.co/K84JwN58bm","Morgan Hill, CA","Leading technology research and advisory firm. Trusted by 200+ clients.","2011-05-09 21:24:29+00:00","26593.0","13696.0","8805","True","2022-12-22 03:15:11+00:00","['ChatGPT', 'DigitalAssistant', 'ChatGPT']","Sprout Social"
"32544","Anova Sous Vide","ChatGPT, Write a tweet about the Anova Precision Oven: ""It's revolutionizing the way people cook at home, with precise temperature control and easy sous vide cooking. Try it out and see for yourself! #Anova #sousvide #cooking #precision"" 

Accurate? 
#ChatGPT","San Francisco, CA","Cook like a pro #anovafoodnerd","2012-10-15 19:45:49+00:00","30952.0","3.0","6708","True","2022-12-22 04:13:20+00:00","","Twitter Web App"
"32637","Sam Pullara","In one Asimov future, the people that used computers would ask it questions and interpret the answers for everyone else. #ChatGPT (this is also one of my favorite short stories)

https://t.co/xtuFaG7q1t","Los Altos, CA","vc/cto at sutter hill ventures, coder, poker player, ex-founder, ex-twitter, ex-yahoo, ex-weblogic","2007-01-19 22:53:16+00:00","12596.0","2022.0","17877","True","2022-12-21 22:33:55+00:00","","Twitter Web App"
"32920","vidIQ","vidlQ has been working on something exciting!

Get ready to turn your small channel BIG with the help of Al. Think #ChatGPT but trained to be a YouTube Coach!

Check out an early preview build of the vidlQ Al coach for free by registering at https://t.co/x11FCpb0DE https://t.co/QSmh0prqt0","San Francisco, CA","We empower every video creator with the insights and inspiration they need to grow! #CreatorObsessed","2011-10-19 18:58:39+00:00","108446.0","894.0","44021","True","2022-12-21 20:00:23+00:00","","Hypefury"
"33325","ramaswamy.eth","1/ #ChatGPT is closing out 2022 with a bang, but whatâ€™s next? ğŸ’¥ 

@OpenAIâ€™s #GPT4 is set to be the first big #AI thing in 2023.

So here are some bold, optimistic, yet sensible predictions from me, @vivek7ue and @rajhans_samdani ... ğŸ‘€","Mountain View, CA","@neeva @nxyzdata Co-Founder @GreylockVC Venture Partner. Ex-@Google SVP of Ads Ex-@BellLabs. Musings on tech, AI, privacy, competition, equity...","2018-10-01 19:29:30+00:00","12810.0","552.0","2024","True","2022-12-21 16:36:10+00:00","['ChatGPT', 'GPT4', 'AI']","Twitter Web App"
"33406","SentinelOne","ğŸ¤–New on #SentinelLabs! We tested #ChatGPT to see how it can help reverse engineers &amp; malware analysts. From finding patterns in #malware samples to understanding #vulnerabilities and exploit code, #ChatGPT proved valuable. By @milenkowski &amp; @philofishal 
https://t.co/J8witxpxNe","Mountain View, CA","ONE autonomous platform to prevent, detect, respond, and hunt. Do more, save time, secure your enterprise: https://t.co/N75g1HzPMU ğŸ±â€ğŸ’»","2013-01-11 01:46:42+00:00","22127.0","1410.0","6080","True","2022-12-21 16:00:26+00:00","['SentinelLabs', 'ChatGPT']","Twitter Web App"
"33661","TheWrap",".@pcsathy test drives the new AI phenom #ChatGPT and discovers it could really someday take every job in Hollywood. https://t.co/0L59XBAWmJ","Los Angeles, CA","We're not in the business. We cover the business.","2009-01-07 22:37:11+00:00","255974.0","11980.0","17588","True","2022-12-21 14:00:11+00:00","['ChatGPT']","TheWrap"
"34556","PubNub","Who hasn't at least heard of #ChatGPT let alone composed a poem or 2? ğŸ™‹ #AI has definitely topped the news...so how can #programmers stay ahead of the game? https://t.co/A2FNNbWtum https://t.co/yrHPrAYaO4","San Francisco, CA","Powering realtime applications that transform products, industries, and human experiences.","2010-06-06 21:03:46+00:00","19269.0","5977.0","2801","True","2022-12-21 01:00:39+00:00","['ChatGPT', 'AI']","Buffer"
"34558","Aragon Research","âœï¸ We asked #ChatGPT to write a 600 word blog on itself, and boy, did it deliver! #Content #AI #ArtificialIntelligence ğŸ“ƒ 

ğŸ¤– Check it out: https://t.co/YEZHBiK5o6 https://t.co/AIsCEB5fH1","Morgan Hill, CA","Leading technology research and advisory firm. Trusted by 200+ clients.","2011-05-09 21:24:29+00:00","26581.0","13690.0","8805","True","2022-12-21 01:00:08+00:00","['ChatGPT', 'Content', 'AI']","Sprout Social"
"35343","PostSecret","#ChatGPT would be the perfect platform to bring widespread #micropayments to the internet, to replace the stranglehold advertising has had over the web.","Laguna Niguel, CA 92677","More Secrets, Stories & Surprises:  [mail to] PostSecret 
28241 Crown Valley Parkway, F-224
Laguna Niguel, CA 92677
or email image to: Frank@PostSecret.com","2009-01-21 18:34:19+00:00","412544.0","414.0","2339","True","2022-12-20 17:03:42+00:00","['ChatGPT', 'micropayments']","Twitter Web App"
"36940","Ra Nerdsworth","When making a request in #OpenAI #ChatGPT, It takes everything in me not to end said request with ğ˜±ğ˜­ğ˜¦ğ˜¢ğ˜´ğ˜¦.","Los Angeles, CA","Ra | Polymath, Producer, MC | https://t.co/qM231xZS93 | https://t.co/PEuz5TbEuf | https://t.co/lgHBxnpAAm | ENFP | GERTRUDE - â˜‰","2008-06-24 08:29:39+00:00","138828.0","770.0","14607","True","2022-12-19 19:51:29+00:00","['OpenAI', 'ChatGPT']","Twitter Web App"
"38460","Sandra Oshiro","Not bad, #ChatGPT. But somewhat rote. Sorry to judge. https://t.co/PTrYE1K87B","Los Angeles, CA | Honolulu, HI","Former News Editor/Hawaii Public Radio | Ex-KPCC, Poynter Institute, Honolulu Advertiser | Loves gadgets | ssoshiro@gmail.com","2007-06-27 22:34:16+00:00","1344.0","1782.0","103","True","2022-12-19 00:13:27+00:00","['ChatGPT']","Twitter for iPhone"
"38789","Romain Pellerin","Training #chatGPT on #zkp ... 

It should be part of every PI/mentor didactic training to train a bot, lot of patience requiredğŸ˜† https://t.co/B3Q0Ew6sza","San Diego, CA","CTO at @InputOutputHK â€¢ PhD in Computer Science â€¢ Web3 & Blockchain â€¢ Building #Cardano & #Midnight â€¢ PGP: BFCB 6D56 50D5 E22B 3E72 CCF2 1A6A 27A4 6434 16EC","2010-03-01 20:09:30+00:00","7342.0","740.0","2649","True","2022-12-13 21:00:26+00:00","['chatGPT', 'zkp']","Twitter Web App"
"39005","Romain Pellerin","TLDR by #chatGPT about how blockchain and decentralized identity can change our world ğŸ––

#cardano #prism #midnight https://t.co/eT42nqMmqz","San Diego, CA","CTO at @InputOutputHK â€¢ PhD in Computer Science â€¢ Web3 & Blockchain â€¢ Building #Cardano & #Midnight â€¢ PGP: BFCB 6D56 50D5 E22B 3E72 CCF2 1A6A 27A4 6434 16EC","2010-03-01 20:09:30+00:00","7342.0","740.0","2649","True","2022-12-13 19:26:50+00:00","['chatGPT', 'cardano', 'prism', 'midnight']","Twitter Web App"
"41730","Lane Wood","Ok this one's impressive. #ChatGPT https://t.co/ypYjl3k0X7","Los Angeles, CA","Mostly forgettable, occasionally remarkable. Advisor, optimist. Warby Parker, charity: water, https://t.co/3Cx627SyKn, Summit and more","2008-04-07 17:43:11+00:00","5800.0","2946.0","23442","True","2022-12-12 20:58:31+00:00","['ChatGPT']","Twitter Web App"
"42910","PostSecret","#ChatGPT Today https://t.co/JILV7leo7I","Laguna Niguel, CA 92677","More Secrets, Stories & Surprises:  [mail to] PostSecret 
28241 Crown Valley Parkway, F-224
Laguna Niguel, CA 92677
or email image to: Frank@PostSecret.com","2009-01-21 18:34:19+00:00","413101.0","414.0","2339","True","2022-12-12 14:01:27+00:00","['ChatGPT']","Twitter Web App"
"42916","WalkMe","Well, if #ChatGPT said it....

@OpenAI #AI #DigitalTransformation https://t.co/8ioEwnj5dP","San Francisco, CA","Driving successful digital transformation with digital adoption.","2012-04-03 06:27:32+00:00","14886.0","6367.0","9266","True","2022-12-12 14:00:01+00:00","['ChatGPT', 'AI', 'DigitalTransformation']","Sprinklr Publishing"
"45160","Brian Solis","#ChatGPT just crossed over 1 million users/testers, helping to both train the platform and also promote it. ğŸ’¡ https://t.co/L6NdtWcIxJ","Silicon Valley, CA","Global Innovation Evangelist @Salesforce | 8x Best-Selling Author | Keynote Speaker | Digital Anthropologist | IG @BrianSolis | https://t.co/oEsju2WD9y","2006-11-04 15:36:18+00:00","273781.0","3631.0","53566","True","2022-12-11 16:57:16+00:00","['ChatGPT']","Twitter Web App"
"45161","Brian Solis","Me: ""ChatGPT, explain #chatgpt to the average user.""

ChaptGPT: ""ChatGPT is a chatbot that uses natural language processing (NLP) to generate esponses to user input in a conversational manner. It is based on the GPT-3 language model, which has been trained on a large...""ğŸ‘‡ https://t.co/wzabGlH3kQ","Silicon Valley, CA","Global Innovation Evangelist @Salesforce | 8x Best-Selling Author | Keynote Speaker | Digital Anthropologist | IG @BrianSolis | https://t.co/oEsju2WD9y","2006-11-04 15:36:18+00:00","273781.0","3631.0","53566","True","2022-12-11 16:57:14+00:00","['chatgpt']","Twitter Web App"
"45333","Herb Greenberg","@JoeSaluzzi Speaking of #ChatGPT, which I'm sure there's fatigue over already, whatever happened to IBM's Watson, that was supposed to take over the world? (https://t.co/8uhT4szwL1)","San Diego, CA","Senior Editor Empire Financial Research. Plus: CNBC contributor, hype-buster, creator/proprietor of the ORIGINAL Hostile React-o-Meterâ„¢.","2008-04-01 16:53:32+00:00","374891.0","1023.0","11728","True","2022-12-11 15:44:35+00:00","['ChatGPT']","TweetDeck Web App"
"48738","Ross Gerber","I keep thinking google has lots of reason to be scaredâ€¦ #ChatGPT #OpenAIChatGPT $goog","Santa Monica, CA","Co-Founder, CEO & CIO, Investment Advisor. GK ETF portfolio manager. Musician, climate activist, Twit Investor. My views https://t.co/u0iTnpkLwV","2011-08-05 20:13:18+00:00","285174.0","5833.0","84727","True","2022-12-10 15:05:13+00:00","['ChatGPT', 'OpenAIChatGPT']","Twitter for iPhone"
"50137","PostSecret","From #ChatGPT 
How can I help someone who may be considering suicide?
#OpenAI https://t.co/jvdAhnZ0Vf","Laguna Niguel, CA 92677","More Secrets, Stories & Surprises:  [mail to] PostSecret 
28241 Crown Valley Parkway, F-224
Laguna Niguel, CA 92677
or email image to: Frank@PostSecret.com","2009-01-21 18:34:19+00:00","413267.0","416.0","2337","True","2022-12-10 04:42:54+00:00","['ChatGPT', 'OpenAI']","Twitter Web App"
"50464","Lior Pachter","@hjpimentel This answer and the 5 thread description of it was produced by #ChatGPT","Pasadena, CA","Bren Professor of Computational Biology @caltech. Blog at https://t.co/FFQzhEJpji. #methodsmatter","2009-04-16 16:12:04+00:00","35327.0","1859.0","19697","True","2022-12-10 02:05:28+00:00","['ChatGPT']","Twitter Web App"
"50486","PostSecret","#ChatGPT starts a new religion? https://t.co/HbTZjKZxvE","Laguna Niguel, CA 92677","More Secrets, Stories & Surprises:  [mail to] PostSecret 
28241 Crown Valley Parkway, F-224
Laguna Niguel, CA 92677
or email image to: Frank@PostSecret.com","2009-01-21 18:34:19+00:00","413267.0","416.0","2337","True","2022-12-10 01:53:23+00:00","['ChatGPT']","Twitter Web App"
"50544","TheWrap","After years of preaching that conversational search wasÂ its future, Google stood by as the worldÂ discovered #ChatGPT. https://t.co/1zJvCSVcBL","Los Angeles, CA","We're not in the business. We cover the business. https://t.co/nVYuzqcyDn","2009-01-07 22:37:11+00:00","255973.0","11994.0","17564","True","2022-12-10 01:33:35+00:00","","TheWrap"
"50582","Aragon Research","ğŸ‘€ A Glimpse Into the Future of Work Is Here.
 
CEO &amp; Lead Analyst, @JimLundy discusses the future of #DigitalAssistants with OpenAIâ€™s new chatbot, #ChatGPT - including how it compares to Google's #GoogleAssistant &amp; Apple's #Siri. ğŸ¤–

See the comparisons: https://t.co/sCQUHZBj5w","Morgan Hill, CA","Leading technology research and advisory firm. Trusted by 200+ clients.","2011-05-09 21:24:29+00:00","26623.0","13718.0","8800","True","2022-12-10 01:21:00+00:00","","Twitter Web App"
"50753","PostSecret","Messing with #ChatGPT https://t.co/1iaZWC5oox","Laguna Niguel, CA 92677","More Secrets, Stories & Surprises:  [mail to] PostSecret 
28241 Crown Valley Parkway, F-224
Laguna Niguel, CA 92677
or email image to: Frank@PostSecret.com","2009-01-21 18:34:19+00:00","413267.0","416.0","2337","True","2022-12-10 00:14:55+00:00","['ChatGPT']","Twitter Web App"
"50817","Jon Youshaei","Interesting note about #ChatGPT: its data only goes up to Sept 2021

Important for creators to remember because alot of our content is giving our take on trends, news, etc https://t.co/V2e8BON2UU","Los Angeles, CA","Creator & Journalist (ex Instagram & YouTube) | Creator-In-Residence, @Originprotocol | Head Creator Advisor, @TubeBuddy | Writer, Forbes & Time","2010-08-15 05:56:09+00:00","16111.0","789.0","49482","True","2022-12-09 23:35:58+00:00","['ChatGPT']","Twitter Web App"
"50978","Dane Cook","I asked. #ChatGPT https://t.co/wMqKZvO4KG","Los Angeles, CA","My NEW event 'Above It All' is STREAMING NOW at my website.","2009-02-16 11:28:12+00:00","2730332.0","920.0","7813","True","2022-12-09 22:36:24+00:00","['ChatGPT']","Twitter for iPhone"
"51268","Seth Sandler","AI PR reviews. What could go wrong? #chatGPT 

https://t.co/ETunZ6hVUy","Los Angeles, CA","ğŸ«¶ğŸ©ğŸ’»ğŸ¨ ğŸ¶ â€¢ Dad â€¢ Aspiring Inspirer â€¢ â˜€ï¸ iOS @Whatnot â€¢ ğŸŒ™ Founder @AffinityBlue â€¢ Past: NodeBeat Creator (Acquired), 1st @YouGotMojo, 2nd @Workpop (Acquired)","2008-05-11 18:06:12+00:00","13362.0","3660.0","10735","True","2022-12-09 21:15:00+00:00","['chatGPT']","Twitter Web App"
"52010","Jason Nelson","So I asked #ChatGPT ""how do you grow a youtube channel quickly?"" Here was the response. @robertoblake @NickNimmin @DeeNimmin, what do you think? I notice sub for the sub is not one of the tips lol. #YouTube #ContentCreators #artificalintelligence https://t.co/wHovsJsq5E","Los Angeles, CA","A reporter with @decryptmedia Covering #bitcoin decentralized finance and communities in #Web3 Tweets my own. Crowned and conquering child.","2016-06-04 18:38:55+00:00","5440.0","5959.0","38035","True","2022-12-09 17:57:38+00:00","['ChatGPT']","Twitter Web App"
"52080","TrueNAS Open Storage","Post your best #TrueNAS poem that is created with #ChatGPT below! ğŸ‘‡","San Jose, CA","Follow us for everything #TrueNAS related!

Join the Open Storage Revolution! https://t.co/Mzw3XPKiE1","2011-05-02 19:23:17+00:00","23151.0","466.0","5965","True","2022-12-09 17:40:00+00:00","['TrueNAS', 'ChatGPT']","Twitter Web App"
"52241","Databricks","We didn't think we could love #Lakehouse anymore.... until we read @OpenAI's #ChatGPT Lakehouse poem ğŸ¥º https://t.co/4BsIXuFppC","HQ: San Francisco, CA","Databricks is the lakehouse company, helping data teams solve the worldâ€™s toughest problems.","2013-07-02 07:28:36+00:00","54708.0","1015.0","4978","True","2022-12-09 17:07:07+00:00","['Lakehouse', 'ChatGPT']","Sprout Social"
"52561","Chris Messina ğŸ€","Crisis averted ğŸ˜…

Thanks #ChatGPT! https://t.co/Hh7XD2yhDm https://t.co/zNwHkztWyU","Oakland, CA","Account update failed: Deny.","2006-07-16 06:53:48+00:00","114287.0","8683.0","38591","True","2022-12-09 15:58:55+00:00","['ChatGPT']","Twitter for iPhone"
"52633","Daniel Kraft, MD","#ChatGPT isnâ€™t just for asking questions and getting compelling generative #AI generated answersâ€¦ Here is a useful thread on â€œ10 mindblowing things you can do with ChatGPTâ€â€¦ https://t.co/0SnoB1X883","Stanford, CA","Stanford & Harvard trained MD-Scientist. Chair @XPRIZE Pandemic Alliance, @AspenInstitute Fellow. Founder https://t.co/1eE8zLy23r, ExponentialMed, & https://t.co/YGpenFfxbm","2008-11-07 22:17:58+00:00","53237.0","7866.0","23285","True","2022-12-09 15:41:27+00:00","['ChatGPT', 'AI']","Twitter for iPhone"
"54124","Dane Cook","I asked #ChatGPT this and got that. Lol https://t.co/fIIjn2AqDZ","Los Angeles, CA","My NEW event 'Above It All' is STREAMING NOW at my website.","2009-02-16 11:28:12+00:00","2730332.0","920.0","7813","True","2022-12-09 09:49:33+00:00","['ChatGPT']","Twitter for iPhone"
"54886","Wes Nichols","The power of this (presently) free tool #ChatGPT is astonishing. See below https://t.co/pCwk8a4BKy","Los Angeles, CA","3X Entrepreneur to March Capital Investing Partner, Board Director. Co-Founder/MarketShare (leading analytics SaaS). EY Entrepreneur of the Year. Comedy nerd","2008-12-28 04:17:09+00:00","3530.0","2052.0","11522","True","2022-12-09 05:18:36+00:00","['ChatGPT']","Twitter for iPhone"
"56472","Anthony Citrano","Just saw a shooting star and made a wish for world peace. Let's all strive to make it come true, together.

#spreadlove #worldpeace #OpenAI #ChatGPT https://t.co/58XsOctrim","Venice, Los Angeles, CA","Maine kid in LA. CEO @acquicent. Angel investor. Rap sheet: VP comms/marketing @verizon; @edgecast (acquired by $VZ); aide @senangusking.","2008-03-31 00:34:54+00:00","10245.0","783.0","43952","True","2022-12-08 20:35:00+00:00","","Twitter Web App"
"57076","Matthew Kupfer","Great video explainer by @stbearman about @OpenAI 's #ChatGPT and what it can be used for. 

Admittedly, she did not mention its facility for generating doggerel about private parts, but I understand that is not a key function for most people. https://t.co/ujaAdrIKs2","San Francisco, CA","Senior reporter, @SFStandard. I follow #Ukraine too. Ex: @OCCRP @KyivPost @MoscowTimes. Opinions mine, unless they're also yours. 

Tips? mkupfer@sfstandard.com","2012-01-16 22:04:50+00:00","16512.0","1833.0","12480","True","2022-12-08 18:22:49+00:00","['ChatGPT']","Twitter Web App"
"57745","Spencer Rascoff","How soon before someone builds a gmail or outlook plug in where you can draft email replies via #ChatGPT?","Los Angeles, CA","@75SunnyVentures, Co-founder @queue @getreconfood @PacasoHomes @dotLA @getpathapp, prof @Harvard, BoD @VaroBank, Office Hours podcast. Fmr @Zillow @Hotwire","2009-01-16 00:19:47+00:00","73774.0","903.0","7405","True","2022-12-08 16:00:51+00:00","['ChatGPT']","Twitter Web App"
"57849","PostSecret","My first experience with #ChatGPT 
(This story was made-up by a computer in five seconds.) https://t.co/mcP8H99HAf","Laguna Niguel, CA 92677","More Secrets, Stories & Surprises:  [mail to] PostSecret 
28241 Crown Valley Parkway, F-224
Laguna Niguel, CA 92677
or email image to: Frank@PostSecret.com","2009-01-21 18:34:19+00:00","413356.0","416.0","2338","True","2022-12-08 15:42:19+00:00","['ChatGPT']","Twitter Web App"
"61429","Christen Lien","Come hither to our safe haven, where your wrinkles and imperfections are welcome and the terms of service and monthly fees are nil and kind. 

#lensa #ai #AIart #stablediffusion #AIArtwork #OpenAI #ChatGPT #ArtificialIntelligence #Futurism https://t.co/7x26443ShE","Los Angeles, CA","Composer, Performing Artist. Viola loops, storytime, philosophical cosmic goth. For bookings/inquiries: cayenu@rangemp.com, Range Media Partners","2009-03-05 06:08:28+00:00","2835.0","2564.0","4200","True","2022-12-07 20:18:18+00:00","","Twitter for iPhone"
"62376","Jonathan Reichental","How does #ChatGPT work? https://t.co/Ne5zSEgK4a","Silicon Valley, CA","NEW BOOK: Data Governance for Dummies | Available Dec 8, 2022 | https://t.co/mEIOSBuoF8","2007-03-30 22:46:02+00:00","10793.0","4151.0","26735","True","2022-12-07 15:46:16+00:00","['ChatGPT']","Twitter for iPhone"
"62512","R Street Institute","We had #ChatGPT design a Pokemon based on us. Thoughts?

""A Pokemon called 'R Streetor,' which could be a Rock-type Pokemon with a stony, rectangular appearance to represent the ""street"" in its name. Its special power could be the ability to manipulate policy and regulations"" https://t.co/MNphyuAjwo","DCâˆ™FLâˆ™GAâˆ™TXâˆ™OHâˆ™ALâˆ™CAâˆ™CTâˆ™CO","#FreeMarket think tank advancing real solutions to complex policy problems. Follow our experts: https://t.co/6oBZZBkFJw Book them/media: PR@rstreet.org ğŸš«ğŸ‘ğŸ","2012-05-08 11:32:55+00:00","28574.0","15156.0","12247","True","2022-12-07 15:12:30+00:00","['ChatGPT']","TweetDeck"
"64224","Whitney Merrill","Someone needs to give Elmo these tips #ChatGPT https://t.co/dnxms4t0SI","San Francisco, CA","DPO. Privacy/infosec lawyer. Hacker. Fighting for privacy, digital civil liberties & the users. Ex @EA @FTC views=own | Also at @wbm312@infosec.exchange","2010-08-19 19:33:46+00:00","28753.0","1979.0","65934","True","2022-12-07 08:01:44+00:00","['ChatGPT']","Twitter for iPhone"
"64252","Whitney Merrill","Come on Congress, itâ€™s not like itâ€™s hard: #ChatGPT https://t.co/xXALvsVilB","San Francisco, CA","DPO. Privacy/infosec lawyer. Hacker. Fighting for privacy, digital civil liberties & the users. Ex @EA @FTC views=own | Also at @wbm312@infosec.exchange","2010-08-19 19:33:46+00:00","28753.0","1979.0","65929","True","2022-12-07 07:51:36+00:00","['ChatGPT']","Twitter for iPhone"
"64393","Whitney Merrill","I am disappointed the AI doesnâ€™t know that Zelda is not Link. #ChatGPT https://t.co/nWWGzuJD4n","San Francisco, CA","DPO. Privacy/infosec lawyer. Hacker. Fighting for privacy, digital civil liberties & the users. Ex @EA @FTC views=own | Also at @wbm312@infosec.exchange","2010-08-19 19:33:46+00:00","28753.0","1979.0","65929","True","2022-12-07 07:15:09+00:00","['ChatGPT']","Twitter for iPhone"
"65709","Jonathan Reichental","Seriously, watch my basic, easy-to-understand video introduction to GPT3, and you'll begin to understand what is happening under the hood of #ChatGPT. I developed this course for this moment. Watch here: https://t.co/yIJDFbor3s https://t.co/SUPe0STJGr","Silicon Valley, CA","NEW BOOK: Data Governance for Dummies | Available Dec 8, 2022 | https://t.co/mEIOSBuoF8","2007-03-30 22:46:02+00:00","10793.0","4151.0","26735","True","2022-12-07 00:55:15+00:00","","Twitter Web App"
"65924","Caltech","Thereâ€™s been a lot of buzz about artificial intelligence tools #ChatGPT and PrismaAI. These and other AI tools present thorny ethical issues. Caltech experts caution #AI itself is neither good nor bad, it will all come down to use and regulation. https://t.co/lXdhTFA7Zp","Pasadena, CA","At the California Institute of Technology, extraordinary people translate big ideas into big discoveries.","2008-09-30 23:23:22+00:00","112329.0","630.0","10758","True","2022-12-06 23:44:44+00:00","['ChatGPT']","Twitter for iPhone"
"66267","Ron Bassilian","Holy crap @adamscrabble #ChatGPT https://t.co/a3D1InPLAU","Culver City, CA","Politics with a focus on Los Angeles. Work with @protectculver . Wrote a book a while ago @inferno_la . Block and report for better conversational health!","2009-01-14 02:39:43+00:00","19043.0","1372.0","198014","True","2022-12-06 22:20:05+00:00","['ChatGPT']","Twitter for iPhone"
"66521","Jacob Ward","If you find youâ€™re uneasy with all these AI avatars from #lensaai, and the incredible abilities of #ChatGPT, just a friendly-yet-nervous reminder that I wrote a book, The Loop, about the long-term risks of handing ourselves over to these sorts of systems. https://t.co/A50mHHdZkN","Oakland, CA","@NBCNews correspondent, former @PopSci editor-in-chief, and author of â€œThe Loop: How Technology is Creating a World without Choices and How to Fight Backâ€","2008-07-23 20:33:11+00:00","16325.0","1618.0","4291","True","2022-12-06 21:29:04+00:00","['lensaai', 'ChatGPT']","Twitter for iPad"
"67779","Artem Russakovskii ğŸ‡ºğŸ‡¦","Comedians are safe, for now.

#ChatGPT https://t.co/JhFTAsQdkv","Oakland, CA","@AndroidPolice https://t.co/bRSPtQ8TUY and @APKMirror https://t.co/xdQ6fn6yhg founder. ğŸ‡ºğŸ‡¦ğŸ‡ºğŸ‡¸","2008-12-24 22:45:36+00:00","22649.0","877.0","41883","True","2022-12-06 17:20:32+00:00","['ChatGPT']","Twitter for Android"
"68557","Docker","Will the real Slim Shady please stand up? #ChatGPT #containers https://t.co/m9g6JmkitC","San Francisco, CA","#Docker helps developers bring their ideas to life by conquering the complexity of app development.

Got questions? Ask them here: https://t.co/XrsVjhQ4eJ","2013-02-01 07:12:46+00:00","490159.0","3327.0","16199","True","2022-12-06 14:47:23+00:00","['ChatGPT', 'containers']","Twitter Web App"
"71342","Daniel Kraft, MD","#ChatGPT explaining personalized medicine https://t.co/pq2W5EfklP","Stanford, CA","Stanford & Harvard trained MD-Scientist. Chair @XPRIZE Pandemic Alliance, @AspenInstitute Fellow. Founder https://t.co/1eE8zLy23r, ExponentialMed, & https://t.co/YGpenFfxbm","2008-11-07 22:17:58+00:00","53233.0","7864.0","23271","True","2022-12-06 04:39:35+00:00","['ChatGPT']","Twitter for Mac"
"71347","Daniel Kraft, MD","Not bad, #ChatGPTâ€¦ https://t.co/vHNYaGJXC7","Stanford, CA","Stanford & Harvard trained MD-Scientist. Chair @XPRIZE Pandemic Alliance, @AspenInstitute Fellow. Founder https://t.co/1eE8zLy23r, ExponentialMed, & https://t.co/YGpenFfxbm","2008-11-07 22:17:58+00:00","53233.0","7864.0","23271","True","2022-12-06 04:38:49+00:00","['ChatGPT']","Twitter for Mac"
"72174","UX Collective","Our yearly UX trends report, but written by the #ChatGPT AI | UX Collective  https://t.co/EUhJ3xEPAW","San Francisco, CA","Curated stories on user experience, usability, and product design. By @fabriciot and @caioab.","2008-10-16 21:19:49+00:00","140887.0","2.0","4036","True","2022-12-06 01:09:00+00:00","['ChatGPT']","Buffer"
"73773","MyEtherWallet | MEW","Even this #OpenAI chatbot knows that #selfcustody is the way to go with #crypto ğŸ˜… ğŸ˜‚ 

#ChatGPT https://t.co/GuCRELtfPV","Los Angeles, CA","MyEtherWallet creates user friendly products for interacting with blockchains. Check out our new multichain browser extension at https://t.co/7oY4ZlG2eE","2016-01-29 16:19:09+00:00","127368.0","1265.0","11145","True","2022-12-05 20:25:06+00:00","['OpenAI', 'selfcustody', 'crypto', 'ChatGPT']","Sprout Social"
"73792","Aragon Research","ğŸ” Chatbots vs. Search Engines? 

OpenAI just announced its new #chatbot program called #ChatGPT.

Aragonâ€™s analyst, @aragonadamp, discusses whether these models have a chance of dethroning legacy search industry leaders like #Google.

ğŸ‘‰ Read here: https://t.co/pxHuj7c0vH","Morgan Hill, CA","Leading technology research and advisory firm. Trusted by 200+ clients.","2011-05-09 21:24:29+00:00","26620.0","13711.0","8807","True","2022-12-05 20:22:00+00:00","['chatbot', 'ChatGPT']","Sprout Social"
"74662","TWiT Tech Podcasts","Do we need police killer #robots, which #VR headset does Georgia prefer, and who Is the woman haunting #A.I.-Generated Art? Plus, Leo plays around with #ChatGPT. Listen to @LeoLaporte, @Georgia_Dow , @Ohdoctah, and @ReneRitchie here: https://t.co/hCJJRkHMXW","Petaluma, CA","Tech podcasts with @leolaporte, @jasonhowell, @mikahsargent, @ant_pruitt, and friends at https://t.co/G4hHTlMn2x and ad-free extras at https://t.co/E72WzMPzNe","2009-08-10 20:39:18+00:00","81017.0","680.0","11278","True","2022-12-05 17:36:19+00:00","['robots', 'VR', 'A']","eClincher"
